variant,param,multiplier,kd_nM,n_eff@1h,R2@1h,fold@1h,ratio_spread@1h,n_eff@3h,R2@3h,fold@3h,ratio_spread@3h,n_eff@6h,R2@6h,fold@6h,ratio_spread@6h,t_peak_lo,t_peak_hi,adapt_lo,adapt_hi
ox,Kd_TIP_TetR,0.01,0.0025,1.7958873827964,0.9087522827903074,5.018462868227911,0.11225165048788878,1.8207148888014115,0.9450039324740542,4.656622679271124,0.03257765160896358,1.8138688666018825,0.9515028566361885,4.438915373962226,0.012952788287671426,4.321080270067517,40.420105026256564,0.28083467855666516,0.44011883707949906
ox,Kd_TIP_TetR,0.1,0.025,1.791983949629216,0.9092542243234065,4.9931432270937774,0.11230862680467722,1.8167838149525972,0.9452116130595406,4.606122387809888,0.0335711967231123,1.8095658577227531,0.9513745970046344,4.373790171228826,0.01350815892527599,4.321080270067517,40.420105026256564,0.28083467855776884,0.440118837078922
ox,Kd_TIP_TetR,1.0,0.25,1.7630974210522543,0.9130029807582546,4.754622021755794,0.11313240866151392,1.7961054857831869,0.9466468843009337,4.244251826439442,0.03992390939100745,1.7893414438892492,0.9511654855884693,3.976721055677485,0.014798139480001648,4.321080270067517,40.420105026256564,0.2808346785534437,0.44011883704314586
ox,Kd_TIP_TetR,4.0,1.0,1.725401270310191,0.9185127329551717,4.144044079056601,0.11982893737736089,1.7856156625518476,0.9486172660122485,3.658551648059187,0.04087470852242491,1.781600776213152,0.9519169894864368,3.4379970903628974,0.013145779670823757,4.321080270067517,40.420105026256564,0.28083467854505456,0.4401188370268208
ox,Kd_TIP_TetR,6.0,1.5,1.7181333337919233,0.9202312891443761,3.848040273578224,0.12523826758616072,1.7865877976448121,0.949326473222954,3.4245904899279083,0.03916850667158424,1.7831443534934939,0.9523887871984852,3.227296670563119,0.012356945444399102,4.321080270067517,40.420105026256564,0.28083467854158206,0.44011883703240273
ox,Kd_TIP_TetR,8.0,2.0,1.7159922331363129,0.9214301682251183,3.608172691228148,0.13009050603951353,1.788574870993464,0.9498812818647232,3.2409243659677385,0.037371031263268295,1.7854405571806635,0.9528131387620065,3.060641706781297,0.011809680251815523,4.321080270067517,40.420105026256564,0.28083467854303085,0.4401188370426669
ox,Kd_TIP_TetR,10.0,2.5,1.7164435820881183,0.9223635555952749,3.4085827848603896,0.13410270023660306,1.7908293013042647,0.950348858706685,3.089115618432961,0.03565903872948147,1.7878940021430536,0.9531997936045226,2.9220282123157912,0.011391558510424737,4.321080270067517,40.420105026256564,0.2808346785447911,0.44011883705660004
ox,Kd_TIP_TetR,12.0,3.0,1.718293769327668,0.9231410530276078,3.239188388869724,0.13726612462727733,1.7931057022107628,0.9507587318961874,2.959887199031169,0.03406657038373435,1.7903110419491608,0.9535555441157897,2.803508283706467,0.011052837438353039,4.321080270067517,40.420105026256564,0.2808346785488674,0.4401188370516471
ox,Kd_TIP_TetR,16.0,4.0,1.7239505688462797,0.9244196278482916,2.965842851619177,0.14141128303249312,1.797415371290409,0.9514615250494565,2.74904122572308,0.031231603054354323,1.7947997279217442,0.9541920980051157,2.609355205258222,0.010515638707981867,4.321080270067517,40.420105026256564,0.280834678565606,0.44011883704015925
ox,Kd_TIP_TetR,20.0,5.0,1.7304994849834028,0.9254715626138115,2.7538395159638105,0.14334645486932204,1.8012758107843907,0.9520559699290984,2.582517088485078,0.028799076950575528,1.798750292835381,0.9547484494740607,2.455559901686904,0.01008680574073768,4.321080270067517,40.420105026256564,0.280834678574898,0.4401188370546762
ox,Kd_TIP_TetR,30.0,7.5,1.7461429970997735,0.9275336375820838,2.3839499536868543,0.14255822757487802,1.809101241680085,0.9532407315964999,2.283469794672717,0.02402003126164402,1.8065670663927358,0.9558837123861299,2.1789466113927434,0.009248192883546513,4.321080270067517,40.420105026256564,0.2808346785892165,0.44011883704064053
ox,Kd_TIP_TetR,40.0,10.0,1.7588388273367586,0.9290884111211434,2.1439715572026827,0.13795829665282855,1.81494797080446,0.9541465404075185,2.0823664492138567,0.020518111457608356,1.8122224474093382,0.956761527923723,1.992960554077555,0.00858574243025999,4.321080270067517,40.420105026256564,0.2808346785956031,0.44011883702485255
ox,Kd_TIP_TetR,60.0,15.0,1.7763780311546555,0.9312901872793367,1.8496753495197262,0.1257727490555229,1.822964196462106,0.9554643029822686,1.8265503921394957,0.01584385957159272,1.819679526659254,0.958037879548039,1.7567671458733494,0.0075426560867957225,4.321080270067517,40.420105026256564,0.28083467861380557,0.44011883703999977
ox,Kd_TIP_TetR,80.0,20.0,1.7871856742693253,0.9327500772754774,1.6755404216784753,0.11380832468720194,1.8281171876390996,0.9563853541122252,1.6696329932714902,0.012803886649157416,1.8242713334396634,0.9589240344548279,1.612237163638725,0.006735460482323729,4.321080270067517,40.420105026256564,0.2808346786228303,0.440118837035052
ox,Kd_TIP_TetR,100.0,25.0,1.79420866426111,0.9337634830548437,1.5603351059182486,0.10327119027882274,1.8316599451687696,0.9570674175191044,1.5631902158534625,0.010674096930180595,1.827328757284887,0.9595758718059328,1.5143934228312106,0.0060859448501566875,4.321080270067517,40.420105026256564,0.28083467862682454,0.4401188370333643
ox,Kd_TIP_TetR,250.0,62.5,1.8115200254737975,0.9363701419032379,1.2443672316374277,0.058894126182229195,1.8415595379316094,0.9593136798372952,1.257709463337593,0.004491203404248515,1.8353857176479278,0.9617023634811549,1.2346679934291973,0.0035266794952104074,4.321080270067517,40.420105026256564,0.28083467862907213,0.44011883705504906
ox,Kd_TIP_TetR,400.0,100.0,1.8159303473516348,0.9368151714875312,1.155711647096997,0.040734460750989875,1.8442716584463108,0.960056568510725,1.167208343599099,0.002792345664006316,1.8374288848827829,0.9624087213122609,1.1521372593036614,0.0024786833860487166,4.321080270067517,40.420105026256564,0.28083467863251205,0.44011883708409505
ox,Kd_TIP_TetR,1000.0,250.0,1.8210780195375538,0.9368692888764505,1.0633104670580869,0.0180983373260789,1.847082408967317,0.9608750613175286,1.0695459402975966,0.001089275265734926,1.8393983388548076,0.96320666466023,1.0632377838374332,0.0011301741101953935,4.321080270067517,40.420105026256564,0.28083467863084793,0.4401188371606427
ox,Kd_TIP_TetR,2000.0,500.0,1.823226904012323,0.9367294760342857,1.031793924585775,0.009374281366315192,1.848074158954864,0.9611588104802435,1.035240006843408,0.0005364858844436683,1.8400330164856953,0.9634941292790875,1.0320398217418203,0.0005922619619971683,4.321080270067517,40.420105026256564,0.2808346786306842,0.44011883735325424
ox,Kd_TIP_TetR,4000.0,1000.0,1.8244431550037352,0.9366164762138487,1.0159274090245807,0.004770306284420847,1.8485916165926863,0.961300989312414,1.0177388448454012,0.00026578011161724644,1.840346796878851,0.9636418383393478,1.0161274936541014,0.00030336269862549014,4.321080270067517,40.420105026256564,0.28083467863794004,0.44011883707458194
ox,Kd_TIP_TetR,10000.0,2500.0,1.8252289616593094,0.9365325493069112,1.0063776517497462,0.0019282874440035155,1.8489119911804117,0.9613860142737349,1.007124314055623,0.00010941937930644616,1.8405336666056262,0.963731699705002,1.00647712352107,0.0001231398076765581,4.321080270067517,40.420105026256564,0.2808346786478468,0.4401188370666218
ox,Kd_TIP_TetR,20000.0,5000.0,1.8255044306972201,0.936501659266295,1.0031898853661134,0.0009675196742040125,1.8490204688273366,0.9614142697206717,1.0035669735276396,5.543979058346353e-05,1.840594971343748,0.9637618547812408,1.0032429418193078,6.187403143095496e-05,4.321080270067517,40.420105026256564,0.28083467863212136,0.4401188370824541
er,Kd_TIP_TetR,0.01,0.0025,3.8597566636818805,0.9551504723620957,3.5443302818638824,0.46948583114965375,2.630980417532379,0.9611682281805012,3.4550698878732202,0.076110111729468,2.878231154829787,0.9754037907960944,3.0905125732538905,0.02817299859024522,20.795198799699925,103.615903975994,0.24076927470147452,0.33609529667783083
er,Kd_TIP_TetR,0.1,0.025,3.861685174486436,0.9550104917872997,3.506819622105008,0.4654725152176078,2.6234526436177394,0.9610145840037113,3.3974522132225755,0.07718107246289758,2.8757627584571486,0.9752728961261571,3.028038232041631,0.02868986086878005,20.795198799699925,103.615903975994,0.24076927470156076,0.3360952967121091
er,Kd_TIP_TetR,1.0,0.25,3.8788826767845,0.9539240964996344,3.1837795275201057,0.42952294034108957,2.572424669025286,0.9601901541390692,2.9770509103417977,0.08151048987266714,2.8673610742754083,0.9748138350831769,2.608824082704033,0.031139865018274877,20.795198799699925,103.615903975994,0.24076927474064638,0.33609529679241434
er,Kd_TIP_TetR,4.0,1.0,3.9139965530725407,0.9527867544355364,2.526575345945041,0.3470850884897192,2.5196137997960935,0.9601162219472402,2.339902346535715,0.07360299124626235,2.879118557066815,0.9753449056470982,2.040952767531514,0.0317520632603214,20.795198799699925,103.615903975994,0.24076927475041918,0.3360952968716268
er,Kd_TIP_TetR,6.0,1.5,3.9246501145717043,0.9529606998064248,2.2720152063491237,0.31044640841621374,2.5121186470391272,0.9604726599417022,2.1246235284616355,0.06659641214298431,2.8871090977768383,0.9757663297584862,1.8589982916823726,0.03126722552709117,20.795198799699925,103.615903975994,0.24076927475463,0.336095296834254
er,Kd_TIP_TetR,8.0,2.0,3.929263810769151,0.9533780933935756,2.0904348739167475,0.28190058914482086,2.5108013275015146,0.9608616732961064,1.9741940891450978,0.060551643229657164,2.8933485614889416,0.9761245163743449,1.7345905550192888,0.030477889398395748,20.795198799699925,103.615903975994,0.2407692747607802,0.336095296813387
er,Kd_TIP_TetR,10.0,2.5,3.9300074999461394,0.953877118821445,1.9542400606660348,0.25876092479186985,2.5120988517846645,0.9612398991739397,1.8616201844572005,0.05556049968729197,2.89825990287842,0.9764273658025858,1.643106351428229,0.02951425658123905,20.795198799699925,103.615903975994,0.24076927476043264,0.3360952967784576
er,Kd_TIP_TetR,12.0,3.0,3.9282846398648514,0.9543860409339441,1.8482197615303877,0.23946667221658807,2.5145311712141236,0.9615945901914738,1.7735774557999713,0.05126723807165515,2.902200057328706,0.9766858159567422,1.572601181690825,0.028484027396013974,20.795198799699925,103.615903975994,0.24076927475946283,0.33609529678605143
er,Kd_TIP_TetR,16.0,4.0,3.9207948953439358,0.9553259187092525,1.6937342572725427,0.20883418457385827,2.5204145626330203,0.962224437674466,1.64385498264951,0.04432274277176744,2.9080904661087623,0.9771031656820489,1.4705115073113297,0.026425640822045886,20.795198799699925,103.615903975994,0.24076927476301763,0.3360952967430762
er,Kd_TIP_TetR,20.0,5.0,3.9109950421595414,0.9561156353123283,1.5865237218930297,0.18538603312963697,2.5261875261655358,0.9627563084130802,1.5523024272049293,0.038979108587553886,2.912250503769383,0.9774256929952615,1.3998272152979045,0.024508251367880384,20.795198799699925,103.615903975994,0.24076927476652452,0.3360952967091243
er,Kd_TIP_TetR,30.0,7.5,3.8861012024560226,0.9575123739358589,1.4223085035477383,0.14491669807613328,2.537729868309518,0.9637611807824044,1.408522553216931,0.02985307806217534,2.9186376308451107,0.9779831913545105,1.2912471465855284,0.020540722711840584,20.795198799699925,103.615903975994,0.24076927476689694,0.33609529670723026
er,Kd_TIP_TetR,40.0,10.0,3.865384693147028,0.9583613271581792,1.3293794964811512,0.11891811589684832,2.5456183892935162,0.9644558680197752,1.3245877767743144,0.02412206597067607,2.922181072183705,0.9783397664723313,1.229293735782266,0.01757870550337291,20.795198799699925,103.615903975994,0.24076927476664658,0.3360952967063498
er,Kd_TIP_TetR,60.0,15.0,3.836384311685741,0.9592585853100393,1.228185338067454,0.08738193747129382,2.555120144566262,0.9653402307570343,1.2303047604366162,0.017359726223923316,2.9258745812363327,0.9787696215686231,1.1610039469986213,0.013573558923144437,20.795198799699925,103.615903975994,0.24076927477627152,0.3360952967043425
er,Kd_TIP_TetR,80.0,20.0,3.818046562447338,0.9596817691097174,1.1743050347746773,0.06897536229156884,2.560447104098048,0.9658735052528885,1.1785412816764105,0.013522530186835408,2.9277219467781337,0.9790192516426354,1.1241046567314164,0.011028654612675498,20.795198799699925,103.615903975994,0.2407692747775693,0.3360952967064591
er,Kd_TIP_TetR,100.0,25.0,3.8056932029068467,0.9599068038256663,1.140914744509206,0.056933380827045396,2.5637967301557905,0.9662276945206167,1.1457948069060315,0.011059808259050617,2.928807511113694,0.9791821938308505,1.1009788422979698,0.009279130656675781,20.795198799699925,103.615903975994,0.24076927478204882,0.33609529671003757
er,Kd_TIP_TetR,250.0,62.5,3.772036956904893,0.9602542961596643,1.0576594838412123,0.02456325427599029,2.57212864928932,0.9671922975983954,1.0613901626257398,0.0046438338647459484,2.931245165892871,0.979619600460887,1.0421362126689426,0.0042227894666556996,20.795198799699925,103.615903975994,0.2407692747789445,0.3360952967170255
er,Kd_TIP_TetR,400.0,100.0,3.762878925930091,0.960270180737572,1.0362140866725236,0.01564178943458286,2.5742359719162207,0.9674587749411093,1.0388819124952948,0.002932712892450931,2.931795300445562,0.9797402181645933,1.0266252846388815,0.0027309147921716946,20.795198799699925,103.615903975994,0.2407692747782784,0.33609529672259686
er,Kd_TIP_TetR,1000.0,250.0,3.7535327323255605,0.9602428966357798,1.0145506920131162,0.006373073534701135,2.5763373981021505,0.9677342935914355,1.0157633198199156,0.0011840457740331098,2.9323119456438205,0.9798656559212051,1.0107691817832087,0.0011312007672251833,20.795198799699925,103.615903975994,0.24076927478429566,0.3360952967337568
er,Kd_TIP_TetR,2000.0,500.0,3.7503908735382887,0.9602224950131454,1.0072854657924488,0.0032059065155294023,2.57703713926404,0.967827904361022,1.0079173360957328,0.0005936886020930185,2.9324750987527377,0.9799085560667904,1.0054047780324342,0.0005723262116317038,20.795198799699925,103.615903975994,0.24076927478521168,0.336095296738545
er,Kd_TIP_TetR,4000.0,1000.0,3.7488177010011783,0.9602099411812173,1.0036451892329554,0.0016077883845997567,2.577381515784442,0.9678750021901312,1.0039676408963583,0.00029724344538409385,2.9325550367889575,0.9799302111477054,1.002707468393756,0.0002878690527318775,20.795198799699925,103.615903975994,0.24076927478469887,0.33609529674482214
er,Kd_TIP_TetR,10000.0,2500.0,3.7478730707286876,0.9602016091575035,1.0014586554266312,0.0006442745812221272,2.5775912360763065,0.9679033475709065,1.0015892166593598,0.00011899083738126254,2.9326076695025027,0.9799432696780903,1.0010842106041038,0.00011556009792083625,20.795198799699925,103.615903975994,0.24076927478613092,0.33609529674205707
er,Kd_TIP_TetR,20000.0,5000.0,3.7475582369467175,0.9601987117728248,1.0007294235815851,0.0003223304054029331,2.5776594694594195,0.9679128077828292,1.0007949689352031,5.9510795033475514e-05,2.9326094602331385,0.9799476337756264,1.0005423095289558,5.784900677931907e-05,20.795198799699925,103.615903975994,0.2407692747872676,0.3360952967396793
